<?xml version="1.0" encoding="utf-8" ?><dwsync><file name="logo.png" server="pwa2.kowprodmedia.com" local="3484936842" remote="319783739128801708" Dst="-1" /><file name="icon-ok.png" server="pwa2.kowprodmedia.com" local="3484935930" remote="319783739128801708" Dst="-1" /><file name="bg-header.png" server="pwa2.kowprodmedia.com" local="3484937000" remote="319783739128801708" Dst="-1" /><file name="arrow-right.png" server="pwa2.kowprodmedia.com" local="3484935733" remote="319783739128801708" Dst="-1" /><file name="arrow-left.png" server="pwa2.kowprodmedia.com" local="3484935745" remote="319783739128801708" Dst="-1" /><file name="slide-2.png" server="pwa2.kowprodmedia.com" local="3484939594" remote="319783739128801708" Dst="-1" /><file name="slide-1.png" server="pwa2.kowprodmedia.com" local="3484939388" remote="319783739128801708" Dst="-1" /><file name="user-login.png" server="pwa2.kowprodmedia.com" local="3484941314" remote="319783739128801708" Dst="-1" /><file name="circle-01.png" server="pwa2.kowprodmedia.com" local="3484938122" remote="319783739128802728" Dst="-1" /><file name="circle-03.png" server="pwa2.kowprodmedia.com" local="3484938539" remote="319783739128802728" Dst="-1" /><file name="circle-02.png" server="pwa2.kowprodmedia.com" local="3484938448" remote="319783739128802728" Dst="-1" /><file name="logo.png" server="pwa2.kowprodmedia.com/pwa2.kowprodmedia.com/" local="3484936842" remote="319783739128805068" Dst="-1" /><file name="arrow-left.png" server="pwa2.kowprodmedia.com/pwa2.kowprodmedia.com/" local="3484935745" remote="319783739128805068" Dst="-1" /><file name="icon-ok.png" server="pwa2.kowprodmedia.com/pwa2.kowprodmedia.com/" local="3484935930" remote="319783739128805068" Dst="-1" /><file name="arrow-right.png" server="pwa2.kowprodmedia.com/pwa2.kowprodmedia.com/" local="3484935733" remote="319783739128805068" Dst="-1" /><file name="slide-2.png" server="pwa2.kowprodmedia.com/pwa2.kowprodmedia.com/" local="3484939594" remote="319783739128805068" Dst="-1" /><file name="slide-1.png" server="pwa2.kowprodmedia.com/pwa2.kowprodmedia.com/" local="3484939388" remote="319783739128805068" Dst="-1" /><file name="circle-01.png" server="pwa2.kowprodmedia.com/pwa2.kowprodmedia.com/" local="3484938122" remote="319783739128805068" Dst="-1" /><file name="bg-header.png" server="pwa2.kowprodmedia.com/pwa2.kowprodmedia.com/" local="3484937000" remote="319783739128805068" Dst="-1" /><file name="circle-02.png" server="pwa2.kowprodmedia.com/pwa2.kowprodmedia.com/" local="3484938448" remote="319783739128805068" Dst="-1" /><file name="circle-03.png" server="pwa2.kowprodmedia.com/pwa2.kowprodmedia.com/" local="3484938539" remote="319783739128805068" Dst="-1" /><file name="dashboard_idea.png" server="pwa2.kowprodmedia.com/pwa2.kowprodmedia.com/" local="3484952394" remote="319783739128806748" Dst="-1" /><file name="dashboard_idea" server="pwa2.kowprodmedia.com/pwa2.kowprodmedia.com/" local="3484955171" remote="319783739129234008" Dst="-1" /><file name="user-login.png" server="pwa2.kowprodmedia.com/pwa2.kowprodmedia.com/" local="3484941314" remote="319783739129234008" Dst="-1" /><file name="basket-big.png" server="pwa2.kowprodmedia.com/pwa2.kowprodmedia.com/" local="3484936026" remote="319783739129234008" Dst="-1" /><file name="circle-03.psd" server="pwa2.kowprodmedia.com/pwa2.kowprodmedia.com/" local="3484939153" remote="319783739129234008" Dst="-1" /><file name="circle-01.psd" server="pwa2.kowprodmedia.com/pwa2.kowprodmedia.com/" local="3484939134" remote="319783739129234008" Dst="-1" /><file name="circle-02.psd" server="pwa2.kowprodmedia.com/pwa2.kowprodmedia.com/" local="3484939146" remote="319783739129234008" Dst="-1" /><file name="iphone-big.png" server="pwa2.kowprodmedia.com/pwa2.kowprodmedia.com/" local="3484935775" remote="319783739129234008" Dst="-1" /><file name="ipad-big.png" server="pwa2.kowprodmedia.com/pwa2.kowprodmedia.com/" local="3484935789" remote="319783739129234008" Dst="-1" /><file name="logo.psd" server="pwa2.kowprodmedia.com/pwa2.kowprodmedia.com/" local="3484939177" remote="319783739129234008" Dst="-1" /><file name="slide-1.psd" server="pwa2.kowprodmedia.com/pwa2.kowprodmedia.com/" local="3484939399" remote="319783739129234008" Dst="-1" /><file name="zigzag.png" server="pwa2.kowprodmedia.com/pwa2.kowprodmedia.com/" local="3484937498" remote="319783739129234008" Dst="-1" /><file name="user-login.psd" server="pwa2.kowprodmedia.com/pwa2.kowprodmedia.com/" local="3484955185" remote="319783739129234008" Dst="-1" /><file name="slide-2.psd" server="pwa2.kowprodmedia.com/pwa2.kowprodmedia.com/" local="3484955205" remote="319783739129234008" Dst="-1" /><file name="projects.png" server="pwa2.kowprodmedia.com/pwa2.kowprodmedia.com/" local="3485550003" remote="319783739129404708" Dst="-1" /><file name="users.png" server="pwa2.kowprodmedia.com/pwa2.kowprodmedia.com/" local="3485550025" remote="319783739129404708" Dst="-1" /><file name="tasks.png" server="pwa2.kowprodmedia.com/pwa2.kowprodmedia.com/" local="3485550014" remote="319783739129404708" Dst="-1" /><file name="img_plchldr.png" server="pwa2.kowprodmedia.com/pwa2.kowprodmedia.com/" local="3485382139" remote="319783739129404708" Dst="-1" /><file name="tabs-nav.psd" server="pwa2.kowprodmedia.com/pwa2.kowprodmedia.com/" local="3485550027" remote="319783739129404708" Dst="-1" /><file name="status4btn.png" server="pwa2.kowprodmedia.com/pwa2.kowprodmedia.com/" local="3485556741" remote="319783739129411788" Dst="-1" /><file name="status3btn.png" server="pwa2.kowprodmedia.com/pwa2.kowprodmedia.com/" local="3485556730" remote="319783739129411908" Dst="-1" /><file name="status2btn.png" server="pwa2.kowprodmedia.com/pwa2.kowprodmedia.com/" local="3485556720" remote="319783739129411908" Dst="-1" /><file name="status1btn.png" server="pwa2.kowprodmedia.com/pwa2.kowprodmedia.com/" local="3485556707" remote="319783739129411908" Dst="-1" /></dwsync>