<?xml version="1.0" encoding="utf-8" ?><dwsync><file name="dashboard.html" server="pwa2.kowprodmedia.com" local="3484948436" remote="319783739128802728" Dst="-1" /><file name="index.html" server="pwa2.kowprodmedia.com" local="3484948685" remote="319783739128802968" Dst="-1" /><file name="register.html" server="pwa2.kowprodmedia.com" local="3484948174" remote="319783739128803268" Dst="-1" /><file name="dashboard.html" server="pwa2.kowprodmedia.com/pwa2.kowprodmedia.com/" local="3486150655" remote="319783739130005668" Dst="-1" /><file name="index.html" server="pwa2.kowprodmedia.com/pwa2.kowprodmedia.com/" local="3486154462" remote="319783739130008728" Dst="-1" /><file name="register.html" server="pwa2.kowprodmedia.com/pwa2.kowprodmedia.com/" local="3486154652" remote="319783739130009028" Dst="-1" /><file name="admin.html" server="pwa2.kowprodmedia.com/pwa2.kowprodmedia.com/" local="3486150687" remote="319783739130005668" Dst="-1" /><file name="projects.html" server="pwa2.kowprodmedia.com/pwa2.kowprodmedia.com/" local="3486150667" remote="319783739130005668" Dst="-1" /></dwsync>